ID,Name,Conf,Disabled,Campaigns,IconOverride,SkinGroupId,ObtainType,ObtainTypeCN,LastChance,MasterSkin,PetSkin,PetSkin2,PriceClubCoins,PriceStarPoints,PriceBling,PriceGems,DiscountPriceGems,PriceCoins,Rarity,TID,ShopTID,Features,CommunityCredit,MaterialsFile,BlueTexture,RedTexture,BlueSpecular,RedSpecular,OutlineShader,PackOfferAnimOverride,BattleIntroXOffset,BattleIntroZOffset,BattleIntroVFX,DisableCatalogRelease,CatalogPreRequirementSkin,CatalogNewDaysAdjustment,NotInCatalogTID
50,UndertakerGreaser,UndertakerGreaser,,RETRO,emoji_mortis_retro,,,,,,,,,,5000,149,129,,EPIC,TID_UNDERTAKER_GREASER_SKIN,TID_UNDERTAKER_GREASER_SKIN_SHOP,"MODEL,ANIM",,,mortis_greaser_tex_02.pvr,mortis_greaser_tex_02.pvr,mortis_greaser_tex_02.pvr,mortis_greaser_tex_02.pvr,,,,,,,,,
71,PocoValentine,PocoValentine,,BRAWLENTINES,emoji_poco_stvalentines,,,,,,,,,,5000,149,129,,EPIC,TID_SKIN_VALENTINE_POCO,TID_SKIN_VALENTINE_POCO_SHOP,"MODEL,VFX",,,poco_valentine_tex.pvr,poco_valentine_tex.pvr,poco_valentine_tex.pvr,poco_valentine_tex.pvr,,,,,,,,,
79,ShamanShiba,ShamanShiba,,GOLDENWEEK,emoji_nita_gw,,,,,,ShamanBearShiba,,,,5000,149,129,,EPIC,TID_SHAMAN_SHIBA_SKIN,TID_SHAMAN_SHIBA_SKIN_SHOP,"MODEL,PET,VFX,ANIM,SFX",,,nita_shiba_tex.pvr,nita_shiba_tex.pvr,nita_shiba_tex.pvr,nita_shiba_tex.pvr,,,,,,,,,
90,BarkeepMs,BarkeepMs,,RETRO,emoji_barley_retro,,4,4,,,,,,,5000,149,,,EPIC,TID_BARLEY_MS_SKIN,TID_BARLEY_MS_SKIN_SHOP,"MODEL,VFX,ANIM",,,barley_ms_tex.pvr,barley_ms_tex.pvr,barley_ms_tex.pvr,barley_ms_tex.pvr,,,,,,,,,
91,RocketGirlHotrod,RocketGirlHotrod,,RETRO,emoji_brock_retro,,4,4,,,,,,,5000,149,,,EPIC,TID_BROCK_HOTROD_SKIN,TID_BROCK_HOTROD_SKIN_SHOP,"MODEL,VFX",,,brock_hotrod_tex.pvr,brock_hotrod_tex.pvr,brock_hotrod_tex.pvr,brock_hotrod_tex.pvr,,,,,,,,,
93,WhirlwindRR,WhirlwindHotrod,,RETRO,emoji_carl_retro,,4,4,,,,,,,2750,79,,,SUPER_RARE,TID_CARL_RR_SKIN,TID_CARL_RR_SKIN_SHOP,"MODEL,VFX",,,carl_hotrod_tex.pvr,carl_hotrod_tex.pvr,carl_hotrod_tex.pvr,carl_hotrod_tex.pvr,,,,,,,,,
120,Sniperrose,Sniperrose,,BRAWLOWEEN,emoji_piper_brawloween,,4,4,true,,,,,,2750,79,,,SUPER_RARE,TID_PIPER_CALAVERA_SKIN,TID_PIPER_CALAVERA_SKIN_SHOP,"MODEL,TEXTURE,VFX",,,piper_rose_tex.pvr,piper_rose_tex.pvr,piper_rose_tex.pvr,piper_rose_tex.pvr,,,,,,,,,
122,ShotgunGirlWitch,ShotgunGirlWitch,,BRAWLOWEEN,emoji_shelly_brawloween,,4,4,true,,,,,,5000,149,,,EPIC,TID_SHELLY_WITCH_SKIN,TID_SHELLY_WITCH_SKIN_SHOP,"MODEL,VFX,ANIM,SFX",,,shelly_witch_tex.pvr,shelly_witch_tex.pvr,shelly_witch_tex.pvr,shelly_witch_tex.pvr,,,,,,,,,
126,NinjaWolf,NinjaWolf,,BRAWLOWEEN,emoji_leon_brawloween,,4,4,true,,,,,,5000,149,,,EPIC,TID_LEON_WEREWOLF_SKIN,TID_LEON_WEREWOLF_SKIN_SHOP,"MODEL,VFX,ANIM,SFX",,,leon_wolf_tex.pvr,leon_wolf_tex.pvr,leon_wolf_tex.pvr,leon_wolf_tex.pvr,,,,,,,,,
147,SniperValentines,SniperValentines,,BRAWLENTINES,emoji_piper_stvalentines,,,,,,,,,,5000,149,129,,EPIC,TID_PIPER_CUPID_SKIN,TID_PIPER_CUPID_SKIN_SHOP,"MODEL,TEXTURE,VFX",,,piper_valentines_tex.pvr,piper_valentines_tex.pvr,piper_valentines_tex.pvr,piper_valentines_tex.pvr,,,,,,,,,
162,MechanicTanuki,MechanicTanuki,,GOLDENWEEK,emoji_jessie_gw,,,,,,MechanicTurretTanuki,,,,5000,149,129,,EPIC,TID_TANUKI_JESSIE_SKIN,TID_TANUKI_JESSIE_SKIN_SHOP,"MODEL,TEXTURE,ANIM,VFX",,,jessie_tanuki_redux_tex.pvr,jessie_tanuki_redux_tex.pvr,jessie_tanuki_redux_tex.pvr,jessie_tanuki_redux_tex.pvr,,,,,,,,,
215,RosaRosaBrawloween,RosaRosaBrawloween,,BRAWLOWEEN,emoji_rosa_halloween,,4,4,,,,,,,2750,79,,,SUPER_RARE,TID_BRAWLOWEEN_ROSA_SKIN,TID_BRAWLOWEEN_ROSA_SKIN_SHOP,"MODEL,TEXTURE,VFX",,,,,,,,,,,,,,,
243,ClusterBombDudeSnowman,ClusterBombDudeSnowman,,BRAWLIDAYS,emoji_tick_xmas,,4,4,,,ClusterBombPetSnowman,,,,2750,79,,,SUPER_RARE,TID_SNOWMAN_TICK,TID_SNOWMAN_TICK_SHOP,"MODEL,TEXTURE,ANIM,VFX",,,tick_snowman_tex.pvr,tick_snowman_tex.pvr,tick_snowman_tex.pvr,tick_snowman_tex.pvr,,,,,,,,,
244,HammerDudeXmas,HammerDudeXmas,,BRAWLIDAYS,emoji_frank_xmas,,4,4,,,,,,,5000,149,,,EPIC,TID_HOLIDAY_PARTY_FRANK,TID_HOLIDAY_PARTY_FRANK_SHOP,"MODEL,TEXTURE,ANIM,VFX",,,frank_xmasparty_tex.pvr,frank_xmasparty_tex.pvr,frank_xmasparty_tex.pvr,frank_xmasparty_tex.pvr,,,,,,,,,
266,IceDudeCrooner,IceDudeCrooner,,BRAWLENTINES,emoji_lou_stvalentines,,,,,,,,,,2750,79,69,,SUPER_RARE,TID_SMOOTH_LOU_SKIN,TID_SMOOTH_LOU_SKIN_SHOP,"MODEL,TEXTURE,ANIM,VFX",,,lou_crooner_tex.pvr,lou_crooner_tex.pvr,lou_crooner_tex.pvr,lou_crooner_tex.pvr,,,,,,,,,
284,BeeSniperCat,BeeSniperCat,,GOLDENWEEK,emoji_bea_gw,,,,,,BeeSniperSlowPotDefault,,,,2750,79,69,,SUPER_RARE,TID_NEKO_BEA_SKIN,TID_NEKO_BEA_SKIN_SHOP,"MODEL,TEXTURE,ANIM,VFX",,,bea_luckycat_tex.pvr,bea_luckycat_tex.pvr,bea_luckycat_tex.pvr,bea_luckycat_tex.pvr,,,,,,,,,
285,BeeSniperCatGold,BeeSniperCatGold,,GOLDENWEEK,emoji_bea_gold_gw,,,,,,BeeSniperSlowPotDefault,,,,5000,149,129,,EPIC,TID_GOLD_NEKO_BEA_SKIN,TID_GOLD_NEKO_BEA_SKIN_SHOP,"MODEL,TEXTURE,ANIM,VFX",,,bea_goldcat_tex.pvr,bea_goldcat_tex.pvr,bea_goldcat_tex.pvr,bea_goldcat_tex.pvr,,,,,,,,,
310,SpeedyHermes,SpeedyHermes,,OLYMPUS,emoji_max_olympus,,,,,,,,,,2750,79,69,,SUPER_RARE,TID_HERMES_MAX_SKIN,TID_HERMES_MAX_SKIN_SHOP,"MODEL,TEXTURE,VFX",,,,,,,,,,-100,,,,,
314,TntDudeFlamengo,TntDudeFlamengo,,LAML,icon_laml_flamengo,4,4,4,true,,,,,,1000,29,,,RARE,TID_FLAMENGO_MIKE_SKIN,TID_FLAMENGO_MIKE_SKIN_SHOP,"MODEL,TEXTURE,ANIM,VFX",,,dynamike_footbrawl_flamengo_tex.pvr,dynamike_footbrawl_flamengo_tex.pvr,dynamike_footbrawl_flamengo_tex.pvr,dynamike_footbrawl_flamengo_tex.pvr,,,,,,,,,
315,TntDudeLduQuito,TntDudeLduQuito,,LAML,icon_laml_quito,4,4,4,true,,,,,,1000,29,,,RARE,TID_LDU_QUITO_MIKE_SKIN,TID_LDU_QUITO_MIKE_SKIN_SHOP,"MODEL,TEXTURE,ANIM,VFX",,,dynamike_footbrawl_quito_tex.pvr,dynamike_footbrawl_quito_tex.pvr,dynamike_footbrawl_quito_tex.pvr,dynamike_footbrawl_quito_tex.pvr,,,,,,,,,
316,TntDudeChivas,TntDudeChivas,,LAML,icon_laml_chivas,4,4,4,true,,,,,,1000,29,,,RARE,TID_CHIVAS_MIKE_SKIN,TID_CHIVAS_MIKE_SKIN_SHOP,"MODEL,TEXTURE,ANIM,VFX",,,dynamike_footbrawl_chivas_tex.pvr,dynamike_footbrawl_chivas_tex.pvr,dynamike_footbrawl_chivas_tex.pvr,dynamike_footbrawl_chivas_tex.pvr,,,,,,,,,
317,LuchadorUniversitario,LuchadorUniversitario,,LAML,icon_laml_universitario,5,4,4,true,,,,,,1000,29,,,RARE,TID_UNIVERSITARIO_PRIMO_SKIN,TID_UNIVERSITARIO_PRIMO_SKIN_SHOP,"MODEL,TEXTURE",,,primo_footbrawl_peru_tex.pvr,primo_footbrawl_peru_tex.pvr,primo_footbrawl_peru_tex.pvr,primo_footbrawl_peru_tex.pvr,,,,,,,,,
318,LuchadorClubNacional,LuchadorClubNacional,,LAML,icon_laml_clubnacional,5,4,4,true,,,,,,1000,29,,,RARE,TID_NACIONAL_PRIMO_SKIN,TID_NACIONAL_PRIMO_SKIN_SHOP,"MODEL,TEXTURE",,,primo_footbrawl_uruguay_tex.pvr,primo_footbrawl_uruguay_tex.pvr,primo_footbrawl_uruguay_tex.pvr,primo_footbrawl_uruguay_tex.pvr,,,,,,,,,
319,LuchadorCorinthians,LuchadorCorinthians,,LAML,icon_laml_corinthians,5,4,4,true,,,,,,1000,29,,,RARE,TID_CORINTHIANS_PRIMO_SKIN,TID_CORINTHIANS_PRIMO_SKIN_SHOP,"MODEL,TEXTURE",,,primo_footbrawl_brazil_tex.pvr,primo_footbrawl_brazil_tex.pvr,primo_footbrawl_brazil_tex.pvr,primo_footbrawl_brazil_tex.pvr,,,,,,,,,
320,ShotgunGirlBocaJuniors,ShotgunGirlBocaJuniors,,LAML,icon_laml_bocajuniors,6,4,4,true,,,,,,1000,29,,,RARE,TID_BOCA_SHELLY_SKIN,TID_BOCA_SHELLY_SKIN_SHOP,"MODEL,TEXTURE",,,shelly_footbrawl_argentina_tex.pvr,shelly_footbrawl_argentina_tex.pvr,shelly_footbrawl_argentina_tex.pvr,shelly_footbrawl_argentina_tex.pvr,,,,,,,,,
321,ShotgunGirlAmerica,ShotgunGirlAmerica,,LAML,icon_laml_america,6,4,4,true,,,,,,1000,29,,,RARE,TID_AMERICA_SHELLY_SKIN,TID_AMERICA_SHELLY_SKIN_SHOP,"MODEL,TEXTURE",,,shelly_footbrawl_colombia_tex.pvr,shelly_footbrawl_colombia_tex.pvr,shelly_footbrawl_colombia_tex.pvr,shelly_footbrawl_colombia_tex.pvr,,,,,,,,,
322,ShotgunGirlUDeChile,ShotgunGirlUDeChile,,LAML,icon_laml_udechile,6,4,4,true,,,,,,1000,29,,,RARE,TID_UDC_SHELLY_SKIN,TID_UDC_SHELLY_SKIN_SHOP,"MODEL,TEXTURE",,,shelly_footbrawl_chile_tex.pvr,shelly_footbrawl_chile_tex.pvr,shelly_footbrawl_chile_tex.pvr,shelly_footbrawl_chile_tex.pvr,,,,,,,,,
323,GunSlingerRiverPlate,GunSlingerRiverPlate,,LAML,icon_laml_riverplate,7,4,4,true,,,,,,1000,29,,,RARE,TID_RIVER_PLATE_COLT_SKIN,TID_RIVER_PLATE_COLT_SKIN_SHOP,"MODEL,TEXTURE",,,colt_footbrawl_buenosaires_tex.pvr,colt_footbrawl_buenosaires_tex.pvr,colt_footbrawl_buenosaires_tex.pvr,colt_footbrawl_buenosaires_tex.pvr,,,,,,,,,
324,GunSlingerCerroPorteno,GunSlingerCerroPorteno,,LAML,icon_laml_cerroport,7,4,4,true,,,,,,1000,29,,,RARE,TID_CERRO_PORTENO_COLT_SKIN,TID_CERRO_PORTENO_COLT_SKIN_SHOP,"MODEL,TEXTURE",,,colt_footbrawl_paraguay_tex.pvr,colt_footbrawl_paraguay_tex.pvr,colt_footbrawl_paraguay_tex.pvr,colt_footbrawl_paraguay_tex.pvr,,,,,,,,,
325,GunSlingerAtlNacional,GunSlingerAtlNacional,,LAML,icon_laml_atlnacional,7,4,4,true,,,,,,1000,29,,,RARE,TID_ATL_NACIONAL_COLT_SKIN,TID_ATL_NACIONAL_COLT_SKIN_SHOP,"MODEL,TEXTURE",,,colt_footbrawl_medellin_tex.pvr,colt_footbrawl_medellin_tex.pvr,colt_footbrawl_medellin_tex.pvr,colt_footbrawl_medellin_tex.pvr,,,,,,,,,
326,GunslingerClubAmerica,GunslingerClubAmerica,,LAML,icon_laml_clubamerica,7,4,4,true,,,,,,1000,29,,,RARE,TID_CLUB_AMERICA_COLT_SKIN,TID_CLUB_AMERICA_COLT_SKIN_SHOP,"MODEL,TEXTURE",,,colt_footbrawl_america_tex.pvr,colt_footbrawl_america_tex.pvr,colt_footbrawl_america_tex.pvr,colt_footbrawl_america_tex.pvr,,,,,,,,,
389,HookDudeSwamp,HookDudeSwamp,,BRAWLOWEEN,emoji_gene_brawloween,,4,4,,,,,,,2750,79,,,SUPER_RARE,TID_SWAMP_GENE_SKIN,TID_SWAMP_GENE_SKIN_SHOP,"MODEL,TEXTURE,ANIM,VFX",,,gene_swamp_tex.pvr,gene_swamp_tex.pvr,gene_swamp_tex.pvr,gene_swamp_tex.pvr,,,,150,,,,,
409,ArcadeRetropolis,ArcadeRetropolis,,RETRO,emoji_8bit_retro,,4,4,,,DamageBoosterRetropolis,,,,2750,79,,,SUPER_RARE,TID_V8-BIT_SKIN,TID_V8-BIT_SKIN_SHOP,"MODEL,TEXTURE,ANIM,VFX",,,8bit_retropolis_tex.pvr,8bit_retropolis_tex.pvr,8bit_retropolis_tex.pvr,8bit_retropolis_tex.pvr,,,,,,,,,
415,SpawnerDudeDracula,SpawnerDudeDracula,,BRAWLOWEEN,emoji_mrp_brawloween,,4,4,,,SpawnerDudeTurretDracula,SpawnerPetDracula,,,2750,79,,,SUPER_RARE,TID_COUNT_PENGULA_MRP_SKIN,TID_COUNT_PENGULA_MRP_SKIN_SHOP,"MODEL,TEXTURE,ANIM,VFX",,,mrp_count_pengula_tex.pvr,mrp_count_pengula_tex.pvr,mrp_count_pengula_tex.pvr,mrp_count_pengula_tex.pvr,,,,,,,,,
418,StickyBombGhost,StickyBombGhost,,BRAWLOWEEN,emoji_squeak_brawloween,,4,4,,,,,,,2750,79,,,SUPER_RARE,TID_GHOST_SQUEAK_SKIN,TID_GHOST_SQUEAK_SKIN_SHOP,"MODEL,TEXTURE,ANIM,VFX",,,squeak_ghost_tex.pvr,squeak_ghost_tex.pvr,squeak_ghost_tex.pvr,squeak_ghost_tex.pvr,,,,,,,,,
420,RollerHeadless,RollerHeadless,,BRAWLOWEEN,emoji_stu_brawloween,,4,4,,,,,,,5000,149,,,EPIC,TID_HEADLESS_RIDER_STU_SKIN,TID_HEADLESS_RIDER_STU_SKIN_SHOP,"MODEL,TEXTURE,ANIM,VFX",,,stu_headless_tex.pvr,stu_headless_tex.pvr,stu_headless_tex.pvr,stu_headless_tex.pvr,,,,,,,,,
436,BarkeepDrunken,BarkeepDrunken,,LNY,emoji_barley_LNY2022,,4,4,,,,,,,5000,149,,,EPIC,TID_DRUNKEN_MASTER_BARLEY_SKIN,TID_DRUNKEN_MASTER_BARLEY_SKIN_SHOP,"MODEL,TEXTURE,ANIM,VFX",,,barley_drunken_master_tex.pvr,barley_drunken_master_tex.pvr,barley_drunken_master_tex.pvr,barley_drunken_master_tex.pvr,,,,,,,,,
437,EnragerSnake,EnragerSnake,,LNY,emoji_edgar_LNY2022,,4,4,,,,,,,5000,149,,,EPIC,TID_EDGAR_SERPENT_SKIN,TID_EDGAR_SERPENT_SKIN_SHOP,"MODEL,TEXTURE,ANIM,VFX",,,edgar_snakelord_tex.pvr,edgar_snakelord_tex.pvr,edgar_snakelord_tex.pvr,edgar_snakelord_tex.pvr,,,,,,,,,
438,LuchadorTiger,LuchadorTiger,,LNY,emoji_primo_LNY2022,,4,4,,,,,,,5000,149,,,EPIC,TID_EL_PRIMO_TIGER_SKIN,TID_EL_PRIMO_TIGER_SKIN_SHOP,"MODEL,TEXTURE,ANIM,VFX",,,primo_tigro_tex.pvr,primo_tigro_tex.pvr,primo_tigro_tex.pvr,primo_tigro_tex.pvr,,,-100,400,,,,,
439,ShamanDragon,ShamanDragon,,RANKED,emoji_nita_LNY2022,,,,,,ShamanPetDragon,,,,5000,149,,,EPIC,TID_NIAN_NITA_SKIN,TID_NIAN_NITA_SKIN_SHOP,"MODEL,TEXTURE,VFX",,,nita_nian_tex.pvr,nita_nian_tex.pvr,nita_nian_tex.pvr,nita_nian_tex.pvr,,,,,,,,,
441,LuchadorCorazon,LuchadorCorazon,,BRAWLENTINES,emoji_primo_stvalentines,,,,,,,,,,2750,79,69,,SUPER_RARE,TID_EL_PRIMO_VALENTINES,TID_EL_PRIMO_VALENTINES_SHOP,"MODEL,TEXTURE,VFX",,,primo_corazon_tex.pvr,primo_corazon_tex.pvr,primo_corazon_tex.pvr,primo_corazon_tex.pvr,,,,,,,,,
444,DrillerGift,DrillerGift,,BRAWLIDAYS,emoji_jacky_xmas,,4,4,,,,,,,2750,79,,,SUPER_RARE,TID_XMAS_GIFT_JACKY_SKIN,TID_XMAS_GIFT_JACKY_SKIN_SHOP,"MODEL,TEXTURE,VFX",,,,,,,,,,,,,,,
445,BowDudeSanta,BowDudeSanta,,BRAWLIDAYS,emoji_bo_xmas,,4,4,,,BowDudeTotemDefault,,,,2750,79,,,SUPER_RARE,TID_SANTA_BO_SKIN,TID_SANTA_BO_SKIN_SHOP,"MODEL,TEXTURE,ANIM,VFX",,,bo_santa_tex.pvr,bo_santa_tex.pvr,bo_santa_tex.pvr,bo_santa_tex.pvr,,,,,,,,,
446,RosaBP,RosaBP,,BRAWLPASS,emoji_rosa_LNY2022,,7,7,,,,,,,5000,149,,,EPIC,TID_ROSA_MILITARY_SKIN,TID_ROSA_MILITARY_SKIN_SHOP,"MODEL,TEXTURE,ANIM,VFX",,,,,,,,,,,,,,,
448,CactusLog,CactusLog,,BRAWLIDAYS,emoji_spike_xmas,,4,4,,,,,,,2750,79,,,SUPER_RARE,TID_LOG_SPIKE_SKIN,TID_LOG_SPIKE_SKIN_SHOP,"MODEL,TEXTURE,VFX",,,spike_log_tex.pvr,spike_log_tex.pvr,spike_log_tex.pvr,spike_log_tex.pvr,,,,,,,,,
458,AssaultShotgunSled,AssaultShotgunSled,,BRAWLIDAYS,emoji_griff_xmas,,4,4,,,,,,,5000,149,,,EPIC,TID_GRIFF_SLEIGH_SKIN,TID_GRIFF_SLEIGH_SKIN_SHOP,"MODEL,TEXTURE,ANIM,VFX",,,griff_sled_tex.pvr,griff_sled_tex.pvr,griff_sled_tex.pvr,griff_sled_tex.pvr,,,,-100,,,,,
472,EnragerVine,EnragerVine,,BIODOME,emoji_edgar_biodome,,,,,,,,,,5000,149,129,,EPIC,TID_DOCTOR_EDGAR_SKIN,TID_DOCTOR_EDGAR_SKIN_SHOP,"MODEL,TEXTURE,ANIM,VFX",,,edgar_plant_tex.pvr,edgar_plant_tex.pvr,edgar_plant_tex.pvr,edgar_plant_tex.pvr,,,,,,,,,
473,TrickshotDudeFirefly,TrickshotDudeFirefly,,BRAWLPASS,emoji_rico_biodome,,,,,,,,,,2750,79,69,,SUPER_RARE,TID_FIREFLY_RICO_SKIN,TID_FIREFLY_RICO_SKIN_SHOP,"MODEL,TEXTURE,ANIM,VFX",,,rico_firefly_tex.pvr,rico_firefly_tex.pvr,rico_firefly_tex.pvr,rico_firefly_tex.pvr,,,-100,-500,,,,,
475,MechaDudeRhino,MechaDudeRhino,,BIODOME,emoji_meg_biodome,,,,,,MechaDudeBigRhino,,,,2750,79,69,,SUPER_RARE,TID_STAG_BEETLE_MEG_SKIN,TID_STAG_BEETLE_MEG_SKIN_SHOP,"MODEL,TEXTURE,ANIM,VFX",,,meg_beetle_tex.pvr,meg_beetle_tex.pvr,meg_beetle_tex.pvr,meg_beetle_tex.pvr,,,,,,,,,
478,BowDudeWasp,BowDudeWasp,,RANKED_OLD,emoji_bo_biodome,,,,,,,,,,5000,149,129,,EPIC,TID_WASP_BO_SKIN,TID_WASP_BO_SKIN_SHOP,"MODEL,TEXTURE,ANIM,VFX",,,bo_wasp_tex.pvr,bo_wasp_tex.pvr,bo_wasp_tex.pvr,bo_wasp_tex.pvr,,,-300,,,,,,
479,SpawnerDudeFly,SpawnerDudeFly,,BIODOME,emoji_mrp_biodome,,,,,,SpawnerDudeTurretFly,SpawnerPetFly,,,2750,79,69,,SUPER_RARE,TID_MR_FLY_SKIN,TID_MR_FLY_SKIN_SHOP,"MODEL,TEXTURE,ANIM,VFX",,,mrp_fly_tex.pvr,mrp_fly_tex.pvr,mrp_fly_tex.pvr,mrp_fly_tex.pvr,,,,,,,,,
483,RosaMantis,RosaMantis,,BIODOME,emoji_rosa_biodome,,,,,,,,,,5000,149,129,,EPIC,TID_MANTIS_ROSA_SKIN,TID_MANTIS_ROSA_SKIN_SHOP,"MODEL,TEXTURE,ANIM,VFX",,,,,,,,,,-300,,,,,
488,WallyWeirdPlant,WallyWeirdPlant,,BIODOME,emoji_sprout_biodome,,,,,,,,,,2750,79,69,,SUPER_RARE,TID_CORRUPTED_SPROUT_SKIN,TID_CORRUPTED_SPROUT_SKIN_SHOP,"MODEL,TEXTURE,ANIM,VFX",,,sprout_weird_plant_tex.pvr,sprout_weird_plant_tex.pvr,sprout_weird_plant_tex.pvr,sprout_weird_plant_tex.pvr,,,500,,,,,,
489,ElectroSniperPlanthunter,ElectroSniperPlanthunter,,BIODOME,emoji_belle_biodome,,,,,,HealingStationSummer,,,,2750,79,69,,SUPER_RARE,TID_IVY_BELLE_SKIN,TID_IVY_BELLE_SKIN_SHOP,"MODEL,TEXTURE,ANIM,VFX",,,belle_planthunter_tex.pvr,belle_planthunter_tex.pvr,belle_planthunter_tex.pvr,belle_planthunter_tex.pvr,,,100,,,,,,
507,WhirlwindBiker,WhirlwindBiker,,BRAWLPASS,emoji_carl_stunt,,3,3,,,,,,,5000,149,,,EPIC,TID_BIKER_CARL_SKIN,TID_BIKER_CARL_SKIN_SHOP,"MODEL,TEXTURE,ANIM,VFX",,,carl_stuntman_tex.pvr,carl_stuntman_tex.pvr,carl_stuntman_tex.pvr,carl_stuntman_tex.pvr,,,,,,,,,
509,CactusFireproof,CactusFireproof,,STUNTSHOW,emoji_spike_stunt,,,,,,,,,,2750,79,69,,SUPER_RARE,TID_PYRO_SPIKE_SKIN,TID_PYRO_SPIKE_SKIN_SHOP,"MODEL,TEXTURE,ANIM,VFX",,,spike_fireproof_tex.pvr,spike_fireproof_tex.pvr,spike_fireproof_tex.pvr,spike_fireproof_tex.pvr,,,,,,,,,
510,DuplicatorVillain,DuplicatorVillain,,VILLAINS,emoji_lolla_starrforce,,,,,,DuplicatorVillain,,,,2750,79,,,SUPER_RARE,TID_GALAXY_STORM_LOLA_SKIN,TID_GALAXY_STORM_LOLA_SKIN_SHOP,"MODEL,TEXTURE,ANIM,VFX",,,lolla_starrforce_villain_tex.pvr,lolla_starrforce_villain_tex.pvr,lolla_starrforce_villain_tex.pvr,lolla_starrforce_villain_tex.pvr,,,,,,,,,
512,SnakeOilVillain,SnakeOilVillain,,VILLAINS,emoji_byron_starrforce,,,,,,,,,,5000,149,,,EPIC,TID_OVERLORD_BYRON_SKIN,TID_OVERLORD_BYRON_SKIN_SHOP,"MODEL,TEXTURE,ANIM,VFX",,,byron_villain_tex.pvr,byron_villain_tex.pvr,byron_villain_tex.pvr,byron_villain_tex.pvr,,,-350,,,,,,
513,SpawnerDudeDaruma,SpawnerDudeDaruma,,GOLDENWEEK,emoji_mrp_goldenweek,,,,,,SpawnerDudeTurretDaruma,SpawnerPetDaruma,,,2750,79,69,,SUPER_RARE,TID_DARUMA_MRP_SKIN,TID_DARUMA_MRP_SKIN_SHOP,"MODEL,TEXTURE,ANIM,VFX",,,mrp_daruma_tex.pvr,mrp_daruma_tex.pvr,mrp_daruma_tex.pvr,mrp_daruma_tex.pvr,,HERO_SCREEN_IDLE,,400,,,,,
517,MechaDudeMonsterTruck,MechaDudeMonsterTruck,,STUNTSHOW,emoji_meg_stunt,,,,,,MechaDudeBigMonsterTruck,,,,5000,149,129,,EPIC,TID_MONSTER_TRUCK_MEG_SKIN,TID_MONSTER_TRUCK_MEG_SKIN_SHOP,"MODEL,TEXTURE,ANIM,VFX",,,,,,,,,,,,,,,
521,CannonGirlVillain,CannonGirlVillain,,VILLAINS,emoji_bonnie_starrforce,,,,,,CannonGirlSmallVillain,,,,5000,149,,,EPIC,TID_EMPRESS_BONNIE_SKIN,TID_EMPRESS_BONNIE_SKIN_SHOP,"MODEL,TEXTURE,ANIM,VFX",,,bonnie_villain_tex.pvr,bonnie_villain_tex.pvr,bonnie_villain_tex.pvr,bonnie_villain_tex.pvr,,,,,,,,,
544,GunslingerPaintball,GunslingerPaintball,,BRAWLPASS,emoji_colt_deepsea,,7,7,,,,,,,2750,79,,,SUPER_RARE,TID_SHARK_JAW_COLT_SKIN,TID_SHARK_JAW_COLT_SKIN_SHOP,"MODEL,TEXTURE,ANIM,VFX",,,colt_paintball_tex.pvr,colt_paintball_tex.pvr,colt_paintball_tex.pvr,colt_paintball_tex.pvr,,,-200,-100,,,,,
547,ElectroSniperCoral,ElectroSniperCoral,,DEEPSEA,emoji_belle_deepsea,,,,,,HealingStationSummer,,,,5000,149,129,,EPIC,TID_CORAL_BELLE_SKIN,TID_CORAL_BELLE_SKIN_SHOP,"MODEL,TEXTURE,ANIM,VFX",,,,,,,,,,,,,,,
548,KickerDudeOcto,KickerDudeOcto,,DEEPSEA,emoji_fang_deepsea,,,,,,,,,,2750,79,69,,SUPER_RARE,TID_OCTO_FANG_SKIN,TID_OCTO_FANG_SKIN_SHOP,"MODEL,TEXTURE,ANIM,VFX",,,fang_octo_tex.pvr,fang_octo_tex.pvr,fang_octo_tex.pvr,fang_octo_tex.pvr,,,,,,,,,
565,NinjaGhost,NinjaGhost,,BRAWLOWEEN,emoji_leon_ghost,,4,4,,,,,,,2750,79,,,SUPER_RARE,TID_BRAWLOWEEN_LEON_SKIN,TID_BRAWLOWEEN_LEON_SKIN_SHOP,"MODEL,TEXTURE",,,leon_ghost_tex.pvr,leon_ghost_tex.pvr,leon_ghost_tex.pvr,leon_ghost_tex.pvr,,,,,,,,,
569,CrowVulture,CrowVulture,,OUTLAW,emoji_crow_gang,,,,,,,,,,5000,149,129,,EPIC,TID_OUTLAW_CROW,TID_OUTLAW_CROW_SKIN_SHOP,"MODEL,TEXTURE,ANIM,VFX",,,crow_outlaw_tex.pvr,crow_outlaw_tex.pvr,crow_outlaw_tex.pvr,crow_outlaw_tex.pvr,,,,,,,,,
570,DeadMariachiOutlaw,DeadMariachiOutlaw,,BRAWLPASS,emoji_poco_gang,,7,7,,,,,,,5000,149,,,EPIC,TID_OUTLAW_POCO_SKIN,TID_OUTLAW_POCO_SKIN_SHOP,"MODEL,TEXTURE,ANIM,VFX",,,poco_dark_horse_tex.pvr,poco_dark_horse_tex.pvr,poco_dark_horse_tex.pvr,poco_dark_horse_tex.pvr,,,-300,,,,,,
577,DuplicatorOutlaw,DuplicatorOutlaw,,RANKED,emoji_lolla_gang,,,,,,DuplicatorOutlaw,,,,5000,149,,,EPIC,TID_OUTLAW_LOLA_SKIN,TID_OUTLAW_LOLA_SKIN_SHOP,"MODEL,TEXTURE,ANIM,VFX",,,lolla_outlow_tex.pvr,lolla_outlow_tex.pvr,lolla_outlow_tex.pvr,lolla_outlow_tex.pvr,,,,,,,,,
606,BarrelBotCupcake,BarrelBotCupcake,,CANDYLAND,emoji_darryl_cupcake,,,,,,,,,,5000,149,129,,EPIC,TID_CUPCAKE_DARRYL_SKIN,TID_CUPCAKE_DARRYL_SKIN_SHOP,"MODEL,TEXTURE,ANIM,VFX",,,darryl_cupcake_tex.pvr,darryl_cupcake_tex.pvr,darryl_cupcake_tex.pvr,"darryl_cupcake_tex.pvr+value(masks/darryl/darryl_msk.png,0.698000)",,,,,,,,,
607,FireDudeFrost,FireDudeFrost,,DARKMAS,emoji_amber_ice,,,,,,,,,,5000,149,,,EPIC,TID_FROST_QUEEN_AMBER_SKIN,TID_FROST_QUEEN_AMBER_SKIN_SHOP,"MODEL,TEXTURE,ANIM,VFX",,,amber_frost_tex.pvr,amber_frost_tex.pvr,amber_frost_tex.pvr,amber_frost_tex.pvr,,,,,,,,,
612,RopeDudeLollipop,RopeDudeLollipop,,CANDYLAND,emoji_buzz_buzzette,,,,,,,,,,5000,149,129,,EPIC,TID_BUZZETTE_SKIN,TID_BUZZETTE_SKIN_SHOP,"MODEL,TEXTURE,ANIM,VFX",,,,,,,,,-150,,,,,,
613,KnightKrampus,KnightKrampus,,DARKMAS,emoji_ash_krampus,,,,,,KnightPetKrampus,,,,2750,79,,,SUPER_RARE,TID_KRAMPUS_ASH_SKIN,TID_KRAMPUS_ASH_SKIN_SHOP,"MODEL,TEXTURE,ANIM,VFX",,,ash_krampus_tex.pvr,ash_krampus_tex.pvr,ash_krampus_tex.pvr,ash_krampus_tex.pvr,,,,,,,,,
615,WeaponThrowerYeti,WeaponThrowerYeti,,DARKMAS,emoji_bronson_yeti,,,,,,,,,,5000,149,,,EPIC,TID_YETI_SAM_SKIN,TID_YETI_SAM_SKIN_SHOP,"MODEL,TEXTURE,ANIM,VFX",,,bronson_yeti_tex.pvr,bronson_yeti_tex.pvr,bronson_yeti_tex.pvr,bronson_yeti_tex.pvr,,,200,,,,,,
616,ShamanGummybear,ShamanGummybear,,BRAWLPASS,emoji_nita_gummy,,7,7,,,ShamanPetGummybear,,,,2750,79,,,SUPER_RARE,TID_GUMMYBEAR_NITA_SKIN,TID_GUMMYBEAR_NITA_SKIN_SHOP,"MODEL,TEXTURE,ANIM,VFX",,,nita_gummybear_tex.pvr,nita_gummybear_tex.pvr,nita_gummybear_tex.pvr,nita_gummybear_tex.pvr,,,,,,,,,
631,DuplicatorKitsune,DuplicatorKitsune,,MASKS,emoji_lola_mask,,3,3,,,DuplicatorKitsune,,,,5000,149,,,EPIC,TID_KITSUNE_LOLA_SKIN,TID_KITSUNE_LOLA_SKIN_SHOP,"MODEL,TEXTURE,ANIM,VFX",,,lolla_kitsune_tex.pvr,lolla_kitsune_tex.pvr,lolla_kitsune_tex.pvr,lolla_kitsune_tex.pvr,,,,,,,,,
632,SilencerOni,SilencerOni,,MASKS,emoji_otis_mask,,3,3,,,,,,,5000,149,,,EPIC,TID_ONI_OTIS_SKIN,TID_ONI_OTIS_SKIN_SHOP,"MODEL,TEXTURE,ANIM,VFX",,,otis_oni_tex.pvr,otis_oni_tex.pvr,otis_oni_tex.pvr,otis_oni_tex.pvr,,,,,,,,,
633,TntDudeTengu,TntDudeTengu,,MASKS,emoji_dynamike_mask,,3,3,,,,,,,5000,149,,,EPIC,TID_TENGU_MIKE_SKIN,TID_TENGU_MIKE_SKIN_SHOP,"MODEL,TEXTURE,ANIM,VFX",,,"dynamike_tengu_tex.pvr+hue(masks/dynamike/dynamike_red_blue_msk.png,221.860001)",dynamike_tengu_tex.pvr,"dynamike_tengu_tex.pvr+hue(masks/dynamike/dynamike_red_blue_msk.png,213.488007)",dynamike_tengu_tex.pvr,,,,,,,,,
635,DoorManDetective,DoorManDetective,,HUB,emoji_gray_detective,,3,3,,,,,,,2750,79,,,SUPER_RARE,TID_DETECTIVE_GRAY_SKIN,TID_DETECTIVE_GRAY_SKIN_SHOP,"MODEL,TEXTURE,ANIM,VFX",,,gray_investigator_tex.pvr,gray_investigator_tex.pvr,gray_investigator_tex.pvr,gray_investigator_tex.pvr,,,-200,,,,,,
636,BullDudeAlleycat,BullDudeAlleycat,,HUB,emoji_bull_alleycat,,3,3,,,,,,,5000,149,,,EPIC,TID_ALLEYCAT_BULL_SKIN,TID_ALLEYCAT_BULL_SKIN_SHOP,"MODEL,TEXTURE,ANIM,VFX",,,bull_alleycat_tex.pvr,bull_alleycat_tex.pvr,bull_alleycat_tex.pvr,bull_alleycat_tex.pvr,,,,,,,,,
641,LuchadorButler,LuchadorButler,,BRAWLPASS,emoji_primo_waiter,,7,7,,,,,,,2750,79,,,SUPER_RARE,TID_EL_MAYORDOMO_SKIN,TID_EL_MAYORDOMO_SKIN_SHOP,"MODEL,TEXTURE,ANIM,VFX",,,primo_el_butler_tex.pvr,primo_el_butler_tex.pvr,primo_el_butler_tex.pvr,primo_el_butler_tex.pvr,,,200,200,,,,,
665,ClusterBombDudeCerberus,ClusterBombDudeCerberus,,OLYMPUS,emoji_tick_olympus,,3,3,,,ClusterBombPetCerberus,,,,,199,,,MYTHIC,TID_CERBERUS_TICK_SKIN,TID_CERBERUS_TICK_SKIN_SHOP,"MODEL,TEXTURE,ANIM,VFX",,,tick_cerberus_tex.pvr,tick_cerberus_tex.pvr,tick_cerberus_tex.pvr,tick_cerberus_tex.pvr,,,,140,,,,,
667,ControllerAres,ControllerAres,,OLYMPUS,emoji_nani_olympus,,3,3,,,,,,,,199,,,MYTHIC,TID_ARES_NANI_SKIN,TID_ARES_NANI_SKIN_SHOP,"MODEL,TEXTURE,ANIM,VFX",,,nani_ares_tex.pvr,nani_ares_tex.pvr,nani_ares_tex.pvr,nani_ares_tex.pvr,,,100,-200,,,,,
668,RocketGirlZeus,RocketGirlZeus,,OLYMPUS,emoji_brock_olympus,,3,3,,,,,,,,199,,,MYTHIC,TID_ZEUS_BROCK_SKIN,TID_ZEUS_BROCK_SKIN_SHOP,"MODEL,TEXTURE,ANIM,VFX",,,brock_zeus_tex.pvr,brock_zeus_tex.pvr,brock_zeus_tex.pvr,brock_zeus_tex.pvr,,,-200,-150,,,,,
679,SpeedyLeopard,SpeedyLeopard,,JUNGLE,emoji_max_jungle,,3,3,,,,,,,2750,79,,,SUPER_RARE,TID_LEOPARD_MAX_SKIN,TID_LEOPARD_MAX_SKIN_SHOP,"MODEL,TEXTURE,ANIM,VFX",,,max_leopard_tex.pvr,max_leopard_tex.pvr,max_leopard_tex.pvr,max_leopard_tex.pvr,,,450,800,,,,,
680,ShieldTankCroc,ShieldTankCroc,,JUNGLE,emoji_cameron_jungle,,3,3,,,,,,,5000,149,,,EPIC,TID_CROCODILE_BUSTER_SKIN,TID_CROCODILE_BUSTER_SKIN_SHOP,"MODEL,TEXTURE,ANIM,VFX",,,cameron_crocodile_tex.pvr,cameron_crocodile_tex.pvr,cameron_crocodile_tex.pvr,cameron_crocodile_tex.pvr,,,240,-20,,,,,
681,GunslingerMonkey,GunslingerMonkey,,JUNGLE,emoji_colt_jungle,,3,3,,,,,,,5000,149,,,EPIC,TID_MONKEY_COLT_SKIN,TID_MONKEY_COLT_SKIN_SHOP,"MODEL,TEXTURE,ANIM,VFX",,,colt_monkey_tex.pvr,colt_monkey_tex.pvr,colt_monkey_tex.pvr,colt_monkey_tex.pvr,,,,,,,,,
